Year,TotalRenewableWaterResourcesPerCapita,WaterUnit,TesGJPC,EnergyUnit,Population
1966,3816.150212507,m3/inhab/year,4.308176954,gigajoule,510992617
1967,3735.098127096,m3/inhab/year,4.324743639,gigajoule,521987069
1968,3655.707404985,m3/inhab/year,4.500019099,gigajoule,533431909
1969,3579.265105772,m3/inhab/year,4.8847622,gigajoule,545314670
1970,3500.687097548,m3/inhab/year,4.645743467,gigajoule,557501301
1971,3423.960525098,m3/inhab/year,4.703970021,gigajoule,569999178
1972,3349.622820752,m3/inhab/year,4.875607973,gigajoule,582837973
1973,3275.085983111,m3/inhab/year,4.850699138,gigajoule,596107483
1974,3200.61561695,m3/inhab/year,5.061095804,gigajoule,609721951
1975,3125.912308893,m3/inhab/year,5.269436579,gigajoule,623524219
1976,3053.229557359,m3/inhab/year,5.399780707,gigajoule,637451448
1977,2982.048549938,m3/inhab/year,5.56218638,gigajoule,651685628
1978,2914.164611937,m3/inhab/year,5.553079097,gigajoule,666267760
1979,2847.178184743,m3/inhab/year,5.779067577,gigajoule,681248383
1980,2780.081194127,m3/inhab/year,5.816598033,gigajoule,696828385
1981,2715.518238669,m3/inhab/year,6.31364297,gigajoule,712869298
1982,2652.872772241,m3/inhab/year,6.191754033,gigajoule,729169466
1983,2591.498234928,m3/inhab/year,6.403604016,gigajoule,745826546
1984,2531.410979826,m3/inhab/year,6.660580506,gigajoule,762895156
1985,2473.183793848,m3/inhab/year,6.913166701,gigajoule,780242084
1986,2416.749994522,m3/inhab/year,7.256010898,gigajoule,797878993
1987,2362.252605218,m3/inhab/year,7.601408418,gigajoule,815716125
1988,2309.682952653,m3/inhab/year,8.078549987,gigajoule,833729681
1989,2258.641510827,m3/inhab/year,8.596087621,gigajoule,852012673
1990,2209.20389407,m3/inhab/year,9.039538103,gigajoule,870452165
1991,2161.828637231,m3/inhab/year,9.301353816,gigajoule,888941756
1992,2116.268938456,m3/inhab/year,9.635167257,gigajoule,907574049
1993,2072.29356549,m3/inhab/year,9.677367314,gigajoule,926351297
1994,2030.358653814,m3/inhab/year,9.947676084,gigajoule,945261958
1995,1989.896827598,m3/inhab/year,10.55273397,gigajoule,964279129
1996,1950.537937647,m3/inhab/year,10.82652194,gigajoule,983281218
1997,1912.556730273,m3/inhab/year,11.2217232,gigajoule,1002335230
1998,1875.886429718,m3/inhab/year,11.611742,gigajoule,1021434576
1999,1840.543702215,m3/inhab/year,11.73643136,gigajoule,1040500054
2000,1806.275581754,m3/inhab/year,12.16327056,gigajoule,1059633675
2001,1772.801304612,m3/inhab/year,12.02640365,gigajoule,1078970907
2002,1740.979717162,m3/inhab/year,12.26462564,gigajoule,1098313039
2003,1711.044821453,m3/inhab/year,12.49458176,gigajoule,1117415123
2004,1682.142848156,m3/inhab/year,13.17850932,gigajoule,1136264583
2005,1654.922651129,m3/inhab/year,13.78061587,gigajoule,1154638713
2006,1629.238975232,m3/inhab/year,14.22401582,gigajoule,1172373788
2007,1604.886608196,m3/inhab/year,15.20170632,gigajoule,1189691809
2008,1581.961269097,m3/inhab/year,15.93122248,gigajoule,1206734806
2009,1559.250431558,m3/inhab/year,16.95721706,gigajoule,1223640160
2010,1536.733680114,m3/inhab/year,17.44697744,gigajoule,1240613620
2011,1515.11432848,m3/inhab/year,18.04431945,gigajoule,1257621191
2012,1494.438182871,m3/inhab/year,18.84978338,gigajoule,1274487215
2013,1474.653868056,m3/inhab/year,19.1375594,gigajoule,1291132063
2014,1456.17100745,m3/inhab/year,20.1939292,gigajoule,1307246509
2015,1438.904179552,m3/inhab/year,20.63781218,gigajoule,1322866505
2016,1421.859526237,m3/inhab/year,21.3454334,gigajoule,1338636340
2017,1405.427573152,m3/inhab/year,21.80822381,gigajoule,1354195680
2018,1390.090132196,m3/inhab/year,22.75347566,gigajoule,1369003306
2019,1375.707919036,m3/inhab/year,22.94751822,gigajoule,1383112050
2020,1362.381214875,m3/inhab/year,21.42768046,gigajoule,1396387127
2021,1351.219583969,m3/inhab/year,23.11730287,gigajoule,1407563842
2022,1340.584314359,m3/inhab/year,24.06748329,gigajoule,1417173173
2023,1328.795216389,m3/inhab/year,25.76466511,gigajoule,1428627663
