Year,ProjectedWaterPC,ProjectedEnergyPC,CarryingCapacity,BindingResource,Stress,PredictedGrowthRate,ProjectedPopulation
2024,1316.795216389,26.130165097049616,2831452204.880122,water,0.5045565171602412,0.011405054638595966,1444921239.5547247
2025,1304.795216389,26.495665084099233,2837647664.857256,water,0.5091968454890644,0.011298234789381457,1461246298.971378
2026,1292.795216389,26.86116507114885,2843315812.665152,water,0.5139233188457156,0.011189431891074063,1477596814.9098024
2027,1280.795216389,27.226665058198467,2848443325.1211753,water,0.5187383585548236,0.011078590205046382,1493966504.51047
2028,1268.795216389,27.592165045248084,2853016824.547881,water,0.5236444775425464,0.010965651884013852,1510348821.1253085
2029,1256.795216389,27.9576650322977,2857022888.1880054,water,0.5286442847096717,0.010850556871366464,1526736946.9045298
2030,1244.795216389,28.323165019347318,2860448058.137422,water,0.5337404895576615,0.010733242794677722,1543123785.2392612
2031,1232.795216389,28.688665006396935,2863278851.8138976,water,0.5389359070848746,0.01061364485299413,1559501953.0599985
2032,1220.795216389,29.054164993446552,2865501772.9799066,water,0.5442334629715596,0.010491695697477234,1575863772.9911253
2033,1208.795216389,29.41966498049617,2867103323.3381867,water,0.5496361990736829,0.010367325304936295,1592201265.3619888
2034,1196.795216389,29.785164967545786,2868070014.71911,water,0.555147279247269,0.010240460843752613,1608506140.0753014
2035,1184.795216389,30.150664954595403,2868388381.8793797,water,0.5607699955266873,0.010111026531656053,1624769788.3339343
2036,1172.795216389,30.51616494164502,2868044995.931971,water,0.5665077746822328,0.009978943484770242,1640983274.2274806
2037,1160.795216389,30.881664928694637,2867026478.427631,water,0.5723641851844523,0.009844129557294554,1657137326.1803296
2038,1148.795216389,31.247164915744253,2865319516.108667,water,0.5783429446049544,0.009706499171138278,1673222328.263361
2039,1136.795216389,31.61266490279387,2862910876.356162,water,0.584447927485956,0.009565963134764507,1689228311.371793
2040,1124.795216389,31.978164889843487,2859787423.3521204,water,0.5906831737135734,0.009422428450437908,1705144944.2721477
2041,1112.795216389,32.34366487689311,2855936134.978461,water,0.5970528974328789,0.00927579810900109,1720961524.5217998
2042,1100.795216389,32.709164863942725,2851344120.4751167,water,0.6035614965460703,0.009125970871227788,1736666969.2650893
2043,1088.795216389,33.07466485099234,2845998638.879905,water,0.6102135628387322,0.008972841034717438,1752249805.9105494
2044,1076.795216389,33.44016483804196,2839887118.273122,water,0.6170138927831953,0.008816298185203022,1767698162.694421
2045,1064.795216389,33.805664825091576,2832997175.8501964,water,0.6239674990724007,0.008656226931042793,1782999759.1362915
2046,1052.795216389,34.17116481214119,2825316638.846031,water,0.631079622942559,0.008492506619553999,1798141896.3934197
2047,1040.795216389,34.53666479919081,2816833566.3349376,water,0.6383557473482657,0.00832501103372318,1813111447.5210948
2048,1028.795216389,34.90216478624043,2807536271.930365,water,0.6458016110596718,0.008153608067690844,1827894847.6472256
2049,1016.795216389,35.26766477329004,2797413347.4088335,water,0.6534232237578883,0.007978159379256911,1842478084.0702777
2050,1004.795216389,35.63316476033966,2786453687.2827206,water,0.6612268822120693,0.007798520017486032,1856846686.290679
2051,992.795216389,35.99866474738928,2774646514.3466973,water,0.6692191876297012,0.00761453802330584,1870985715.986889
2052,980.795216389,36.364164734438894,2761981406.222768,water,0.6774070642805712,0.007426054000785234,1884879756.9485056
2053,968.795216389,36.72966472148851,2748448322.9289412,water,0.6857977795048532,0.007232900656550436,1898512904.980057
2054,956.795216389,37.09516470853813,2734037635.496623,water,0.6943989652268274,0.007034902304541525,1911868757.790503
2055,944.795216389,37.460664695587745,2718740155.6618066,water,0.7032186411080938,0.0068318743330280035,1924930404.8849702
2056,932.795216389,37.82616468263736,2702547166.6550546,water,0.712265239487923,0.006623622630484657,1937680417.476874
2057,920.795216389,38.19166466968698,2685450455.115164,water,0.7215476322737736,0.006409942966574786,1950100838.4403496
2058,908.795216389,38.557164656736596,2667442344.1511703,water,0.7310751599622326,0.006190620324091354,1962173172.324826
2059,896.795216389,38.92266464378621,2648515727.5770874,water,0.7408576629899266,0.005965428177262438,1973878375.455681
2060,884.795216389,39.28816463083583,2628664105.34338,water,0.7509055156356066,0.0057341277113289605,1985196846.1471746
2061,872.795216389,39.65366461788545,2607881620.1887207,water,0.7612296627189369,0.00549646697774259,1996108415.0563414
2062,860.795216389,40.019164604935064,2586163095.5349836,water,0.7718416593689034,0.00525217997870135,2006592335.7092175
2063,848.795216389,40.38466459198468,2563504074.6477413,water,0.7827537141656189,0.005000985674029982,2016627275.233718
2064,836.795216389,40.7501645790343,2539900861.083696,water,0.7939787359941626,0.004742586902609713,2026191305.3366866
2065,824.795216389,41.115664566083915,2515350560.445496,water,0.8055303849884948,0.004476669209654909,2035261893.5661578
2066,812.795216389,41.48116455313353,2489851123.463279,water,0.817423127988148,0.004202899570106148,2043815894.9036806
2067,800.795216389,41.84666454018315,2463401390.4209285,water,0.8296722989810636,0.003920924997242723,2051829543.7357705
2068,788.795216389,42.212164527232765,2436001136.9435844,water,0.8422941650635564,0.0036303710242915257,2059278446.2581341
2069,776.795216389,42.57766451428238,2407651121.161175,water,0.8553059985140099,0.0033308400452984476,2066137573.3713508
2070,764.795216389,42.943164501332,2378353132.260819,water,0.8687261556517969,0.003021909499804709,2072381254.1322253
2071,752.795216389,43.308664488381616,2348110040.438719,water,0.8825741632385438,0.0027031298838992132,2077983169.8311028
2072,740.795216389,43.67416447543123,2316925848.259661,water,0.8968708132769816,0.0023740225679593947,2082916348.7721217
2073,728.795216389,44.03966446248085,2284805743.429422,water,0.9116382671752783,0.0020340773987997185,2087153161.8407495
2074,716.795216389,44.40516444953047,2251756152.982205,water,0.9269001703743734,0.0016827500609630035,2090665318.9510763
2075,704.795216389,44.770664436580084,2217784798.8816695,water,0.9426817786853378,0.0013194591684482617,2093423866.474323
2076,692.795216389,45.1361644236297,2182900755.0301137,water,0.9590100977565715,0.000943583054191087,2095399185.7599673
