m49,VariableGroup,Subgroup,Variable,Area,Year,Value,Unit,Symbol,IsAggregate
356,Water resources,Total renewable water resources,Total renewable water resources per capita,India,1964,3987.441526932,m3/inhab/year,E,false
356,Water resources,Total renewable water resources,Total renewable water resources per capita,India,1966,3816.150212507,m3/inhab/year,E,false
356,Water resources,Total renewable water resources,Total renewable water resources per capita,India,1967,3735.098127096,m3/inhab/year,E,false
356,Water resources,Total renewable water resources,Total renewable water resources per capita,India,1968,3655.707404985,m3/inhab/year,E,false
356,Water resources,Total renewable water resources,Total renewable water resources per capita,India,1969,3579.265105772,m3/inhab/year,E,false
356,Water resources,Total renewable water resources,Total renewable water resources per capita,India,1970,3500.687097548,m3/inhab/year,E,false
356,Water resources,Total renewable water resources,Total renewable water resources per capita,India,1971,3423.960525098,m3/inhab/year,E,false
356,Water resources,Total renewable water resources,Total renewable water resources per capita,India,1972,3349.622820752,m3/inhab/year,E,false
356,Water resources,Total renewable water resources,Total renewable water resources per capita,India,1973,3275.085983111,m3/inhab/year,E,false
356,Water resources,Total renewable water resources,Total renewable water resources per capita,India,1974,3200.61561695,m3/inhab/year,E,false
356,Water resources,Total renewable water resources,Total renewable water resources per capita,India,1975,3125.912308893,m3/inhab/year,E,false
356,Water resources,Total renewable water resources,Total renewable water resources per capita,India,1976,3053.229557359,m3/inhab/year,E,false
356,Water resources,Total renewable water resources,Total renewable water resources per capita,India,1977,2982.048549938,m3/inhab/year,E,false
356,Water resources,Total renewable water resources,Total renewable water resources per capita,India,1978,2914.164611937,m3/inhab/year,E,false
356,Water resources,Total renewable water resources,Total renewable water resources per capita,India,1979,2847.178184743,m3/inhab/year,E,false
356,Water resources,Total renewable water resources,Total renewable water resources per capita,India,1980,2780.081194127,m3/inhab/year,E,false
356,Water resources,Total renewable water resources,Total renewable water resources per capita,India,1981,2715.518238669,m3/inhab/year,E,false
356,Water resources,Total renewable water resources,Total renewable water resources per capita,India,1982,2652.872772241,m3/inhab/year,E,false
356,Water resources,Total renewable water resources,Total renewable water resources per capita,India,1983,2591.498234928,m3/inhab/year,E,false
356,Water resources,Total renewable water resources,Total renewable water resources per capita,India,1984,2531.410979826,m3/inhab/year,E,false
356,Water resources,Total renewable water resources,Total renewable water resources per capita,India,1985,2473.183793848,m3/inhab/year,E,false
356,Water resources,Total renewable water resources,Total renewable water resources per capita,India,1986,2416.749994522,m3/inhab/year,E,false
356,Water resources,Total renewable water resources,Total renewable water resources per capita,India,1987,2362.252605218,m3/inhab/year,E,false
356,Water resources,Total renewable water resources,Total renewable water resources per capita,India,1988,2309.682952653,m3/inhab/year,E,false
356,Water resources,Total renewable water resources,Total renewable water resources per capita,India,1989,2258.641510827,m3/inhab/year,E,false
356,Water resources,Total renewable water resources,Total renewable water resources per capita,India,1990,2209.20389407,m3/inhab/year,E,false
356,Water resources,Total renewable water resources,Total renewable water resources per capita,India,1991,2161.828637231,m3/inhab/year,E,false
356,Water resources,Total renewable water resources,Total renewable water resources per capita,India,1992,2116.268938456,m3/inhab/year,E,false
356,Water resources,Total renewable water resources,Total renewable water resources per capita,India,1993,2072.29356549,m3/inhab/year,E,false
356,Water resources,Total renewable water resources,Total renewable water resources per capita,India,1994,2030.358653814,m3/inhab/year,E,false
356,Water resources,Total renewable water resources,Total renewable water resources per capita,India,1995,1989.896827598,m3/inhab/year,E,false
356,Water resources,Total renewable water resources,Total renewable water resources per capita,India,1996,1950.537937647,m3/inhab/year,E,false
356,Water resources,Total renewable water resources,Total renewable water resources per capita,India,1997,1912.556730273,m3/inhab/year,E,false
356,Water resources,Total renewable water resources,Total renewable water resources per capita,India,1998,1875.886429718,m3/inhab/year,E,false
356,Water resources,Total renewable water resources,Total renewable water resources per capita,India,1999,1840.543702215,m3/inhab/year,E,false
356,Water resources,Total renewable water resources,Total renewable water resources per capita,India,2000,1806.275581754,m3/inhab/year,E,false
356,Water resources,Total renewable water resources,Total renewable water resources per capita,India,2001,1772.801304612,m3/inhab/year,E,false
356,Water resources,Total renewable water resources,Total renewable water resources per capita,India,2002,1740.979717162,m3/inhab/year,E,false
356,Water resources,Total renewable water resources,Total renewable water resources per capita,India,2003,1711.044821453,m3/inhab/year,E,false
356,Water resources,Total renewable water resources,Total renewable water resources per capita,India,2004,1682.142848156,m3/inhab/year,E,false
356,Water resources,Total renewable water resources,Total renewable water resources per capita,India,2005,1654.922651129,m3/inhab/year,E,false
356,Water resources,Total renewable water resources,Total renewable water resources per capita,India,2006,1629.238975232,m3/inhab/year,E,false
356,Water resources,Total renewable water resources,Total renewable water resources per capita,India,2007,1604.886608196,m3/inhab/year,E,false
356,Water resources,Total renewable water resources,Total renewable water resources per capita,India,2008,1581.961269097,m3/inhab/year,E,false
356,Water resources,Total renewable water resources,Total renewable water resources per capita,India,2009,1559.250431558,m3/inhab/year,E,false
356,Water resources,Total renewable water resources,Total renewable water resources per capita,India,2010,1536.733680114,m3/inhab/year,E,false
356,Water resources,Total renewable water resources,Total renewable water resources per capita,India,2011,1515.11432848,m3/inhab/year,E,false
356,Water resources,Total renewable water resources,Total renewable water resources per capita,India,2012,1494.438182871,m3/inhab/year,E,false
356,Water resources,Total renewable water resources,Total renewable water resources per capita,India,2013,1474.653868056,m3/inhab/year,E,false
356,Water resources,Total renewable water resources,Total renewable water resources per capita,India,2014,1456.17100745,m3/inhab/year,E,false
356,Water resources,Total renewable water resources,Total renewable water resources per capita,India,2015,1438.904179552,m3/inhab/year,E,false
356,Water resources,Total renewable water resources,Total renewable water resources per capita,India,2016,1421.859526237,m3/inhab/year,E,false
356,Water resources,Total renewable water resources,Total renewable water resources per capita,India,2017,1405.427573152,m3/inhab/year,E,false
356,Water resources,Total renewable water resources,Total renewable water resources per capita,India,2018,1390.090132196,m3/inhab/year,E,false
356,Water resources,Total renewable water resources,Total renewable water resources per capita,India,2019,1375.707919036,m3/inhab/year,E,false
356,Water resources,Total renewable water resources,Total renewable water resources per capita,India,2020,1362.381214875,m3/inhab/year,E,false
356,Water resources,Total renewable water resources,Total renewable water resources per capita,India,2021,1351.219583969,m3/inhab/year,E,false
356,Water resources,Total renewable water resources,Total renewable water resources per capita,India,2022,1340.584314359,m3/inhab/year,E,false
356,Water resources,Total renewable water resources,Total renewable water resources per capita,India,2023,1328.795216389,m3/inhab/year,E,false
